<?xml version="1.0" encoding="UTF-8"?>
<!DOCTYPE generatorConfiguration
  PUBLIC "-//mybatis.org//DTD MyBatis Generator Configuration 1.0//EN"
  "http://mybatis.org/dtd/mybatis-generator-config_1_0.dtd">
<generatorConfiguration>
	<context id="testTables" targetRuntime="MyBatis3">
		<commentGenerator>
			<!-- 是否去除自动生成的注释 -->
			<property name="suppressDate" value="true"/>
			<property name="suppressAllComments" value="true"/>
		</commentGenerator>
		<!-- 数据库连接信息 -->
		<jdbcConnection driverClass="com.mysql.jdbc.Driver" connectionURL="jdbc:mysql://localhost:3306/order" userId="root" password="12345678"></jdbcConnection>
		<!-- 默认false，把jdbc decimal 和numeric类型解析为Integer，为true时把jdbc decimal numeric类型解析为java.math.BigDecimal -->
		<javaTypeResolver>
			<property name="forceBigDecimals" value="false"/>
		</javaTypeResolver>
		<!-- targetProject用于生成pojo类的位置 -->
		<javaModelGenerator targetPackage="com.fys.ui.pojo" targetProject="./src">
			<!-- enableSubPackages配置是否让schema作为包的后缀 -->
			<property name="enableSubPackages" value="false"/>
			<!-- 从数据库返回的值被清理前后的空格 -->
			<property name="trimStrings" value="true"/>
		</javaModelGenerator>
		<!-- targetProject配置mapper映射文件生成位置 -->
		<sqlMapGenerator targetPackage="com.fys.ui.mapper" targetProject="./src">
			<!-- enableSubPackages配置是否让schema作为包的后缀 -->
			<property name="enableSubPackages" value="false"/>
		</sqlMapGenerator>
		<!-- targetPackage配置mapper接口的位置 -->
		<javaClientGenerator targetPackage="com.fys.ui.mapper" type="XMLMAPPER" targetProject="./src">
			<property name="enableSubPackages" value="false"/>
		</javaClientGenerator>
		<!-- 指定数据库表 -->
		
		<table tableName="order"></table>
<!-- 		<table tableName="orderUser"></table> -->
	</context>
</generatorConfiguration>