<?xml version="1.0" encoding="UTF-8" ?>
<!DOCTYPE mapper PUBLIC "-//mybatis.org//DTD Mapper 3.0//EN" "http://mybatis.org/dtd/mybatis-3-mapper.dtd" >
<mapper namespace="com.fys.ui.mapper.OrderMapper" >
  <resultMap id="BaseResultMap" type="com.fys.ui.pojo.Order" >
    <id column="oid" property="oid" jdbcType="VARCHAR" />
    <result column="uid" property="uid" jdbcType="INTEGER" />
    <result column="addressid" property="addressid" jdbcType="INTEGER" />
    <result column="productnum" property="productnum" jdbcType="INTEGER" />
    <result column="total" property="total" jdbcType="INTEGER" />
    <result column="issuccess" property="issuccess" jdbcType="INTEGER" />
  </resultMap>
  <sql id="Example_Where_Clause" >
    <where >
      <foreach collection="oredCriteria" item="criteria" separator="or" >
        <if test="criteria.valid" >
          <trim prefix="(" suffix=")" prefixOverrides="and" >
            <foreach collection="criteria.criteria" item="criterion" >
              <choose >
                <when test="criterion.noValue" >
                  and ${criterion.condition}
                </when>
                <when test="criterion.singleValue" >
                  and ${criterion.condition} #{criterion.value}
                </when>
                <when test="criterion.betweenValue" >
                  and ${criterion.condition} #{criterion.value} and #{criterion.secondValue}
                </when>
                <when test="criterion.listValue" >
                  and ${criterion.condition}
                  <foreach collection="criterion.value" item="listItem" open="(" close=")" separator="," >
                    #{listItem}
                  </foreach>
                </when>
              </choose>
            </foreach>
          </trim>
        </if>
      </foreach>
    </where>
  </sql>
  <sql id="Update_By_Example_Where_Clause" >
    <where >
      <foreach collection="example.oredCriteria" item="criteria" separator="or" >
        <if test="criteria.valid" >
          <trim prefix="(" suffix=")" prefixOverrides="and" >
            <foreach collection="criteria.criteria" item="criterion" >
              <choose >
                <when test="criterion.noValue" >
                  and ${criterion.condition}
                </when>
                <when test="criterion.singleValue" >
                  and ${criterion.condition} #{criterion.value}
                </when>
                <when test="criterion.betweenValue" >
                  and ${criterion.condition} #{criterion.value} and #{criterion.secondValue}
                </when>
                <when test="criterion.listValue" >
                  and ${criterion.condition}
                  <foreach collection="criterion.value" item="listItem" open="(" close=")" separator="," >
                    #{listItem}
                  </foreach>
                </when>
              </choose>
            </foreach>
          </trim>
        </if>
      </foreach>
    </where>
  </sql>
  <sql id="Base_Column_List" >
    oid, uid, addressid, productnum, total, issuccess
  </sql>
  <select id="selectByExample" resultMap="BaseResultMap" parameterType="com.fys.ui.pojo.OrderExample" >
    select
    <if test="distinct" >
      distinct
    </if>
    <include refid="Base_Column_List" />
    from order
    <if test="_parameter != null" >
      <include refid="Example_Where_Clause" />
    </if>
    <if test="orderByClause != null" >
      order by ${orderByClause}
    </if>
  </select>
  <select id="selectByPrimaryKey" resultMap="BaseResultMap" parameterType="java.lang.String" >
    select 
    <include refid="Base_Column_List" />
    from order
    where oid = #{oid,jdbcType=VARCHAR}
  </select>
  <delete id="deleteByPrimaryKey" parameterType="java.lang.String" >
    delete from order
    where oid = #{oid,jdbcType=VARCHAR}
  </delete>
  <delete id="deleteByExample" parameterType="com.fys.ui.pojo.OrderExample" >
    delete from order
    <if test="_parameter != null" >
      <include refid="Example_Where_Clause" />
    </if>
  </delete>
  <insert id="insert" parameterType="com.fys.ui.pojo.Order" >
    insert into order (oid, uid, addressid, 
      productnum, total, issuccess
      )
    values (#{oid,jdbcType=VARCHAR}, #{uid,jdbcType=INTEGER}, #{addressid,jdbcType=INTEGER}, 
      #{productnum,jdbcType=INTEGER}, #{total,jdbcType=INTEGER}, #{issuccess,jdbcType=INTEGER}
      )
  </insert>
  <insert id="insertSelective" parameterType="com.fys.ui.pojo.Order" >
    insert into order
    <trim prefix="(" suffix=")" suffixOverrides="," >
      <if test="oid != null" >
        oid,
      </if>
      <if test="uid != null" >
        uid,
      </if>
      <if test="addressid != null" >
        addressid,
      </if>
      <if test="productnum != null" >
        productnum,
      </if>
      <if test="total != null" >
        total,
      </if>
      <if test="issuccess != null" >
        issuccess,
      </if>
    </trim>
    <trim prefix="values (" suffix=")" suffixOverrides="," >
      <if test="oid != null" >
        #{oid,jdbcType=VARCHAR},
      </if>
      <if test="uid != null" >
        #{uid,jdbcType=INTEGER},
      </if>
      <if test="addressid != null" >
        #{addressid,jdbcType=INTEGER},
      </if>
      <if test="productnum != null" >
        #{productnum,jdbcType=INTEGER},
      </if>
      <if test="total != null" >
        #{total,jdbcType=INTEGER},
      </if>
      <if test="issuccess != null" >
        #{issuccess,jdbcType=INTEGER},
      </if>
    </trim>
  </insert>
  <select id="countByExample" parameterType="com.fys.ui.pojo.OrderExample" resultType="java.lang.Integer" >
    select count(*) from order
    <if test="_parameter != null" >
      <include refid="Example_Where_Clause" />
    </if>
  </select>
  <update id="updateByExampleSelective" parameterType="map" >
    update order
    <set >
      <if test="record.oid != null" >
        oid = #{record.oid,jdbcType=VARCHAR},
      </if>
      <if test="record.uid != null" >
        uid = #{record.uid,jdbcType=INTEGER},
      </if>
      <if test="record.addressid != null" >
        addressid = #{record.addressid,jdbcType=INTEGER},
      </if>
      <if test="record.productnum != null" >
        productnum = #{record.productnum,jdbcType=INTEGER},
      </if>
      <if test="record.total != null" >
        total = #{record.total,jdbcType=INTEGER},
      </if>
      <if test="record.issuccess != null" >
        issuccess = #{record.issuccess,jdbcType=INTEGER},
      </if>
    </set>
    <if test="_parameter != null" >
      <include refid="Update_By_Example_Where_Clause" />
    </if>
  </update>
  <update id="updateByExample" parameterType="map" >
    update order
    set oid = #{record.oid,jdbcType=VARCHAR},
      uid = #{record.uid,jdbcType=INTEGER},
      addressid = #{record.addressid,jdbcType=INTEGER},
      productnum = #{record.productnum,jdbcType=INTEGER},
      total = #{record.total,jdbcType=INTEGER},
      issuccess = #{record.issuccess,jdbcType=INTEGER}
    <if test="_parameter != null" >
      <include refid="Update_By_Example_Where_Clause" />
    </if>
  </update>
  <update id="updateByPrimaryKeySelective" parameterType="com.fys.ui.pojo.Order" >
    update order
    <set >
      <if test="uid != null" >
        uid = #{uid,jdbcType=INTEGER},
      </if>
      <if test="addressid != null" >
        addressid = #{addressid,jdbcType=INTEGER},
      </if>
      <if test="productnum != null" >
        productnum = #{productnum,jdbcType=INTEGER},
      </if>
      <if test="total != null" >
        total = #{total,jdbcType=INTEGER},
      </if>
      <if test="issuccess != null" >
        issuccess = #{issuccess,jdbcType=INTEGER},
      </if>
    </set>
    where oid = #{oid,jdbcType=VARCHAR}
  </update>
  <update id="updateByPrimaryKey" parameterType="com.fys.ui.pojo.Order" >
    update order
    set uid = #{uid,jdbcType=INTEGER},
      addressid = #{addressid,jdbcType=INTEGER},
      productnum = #{productnum,jdbcType=INTEGER},
      total = #{total,jdbcType=INTEGER},
      issuccess = #{issuccess,jdbcType=INTEGER}
    where oid = #{oid,jdbcType=VARCHAR}
  </update>
</mapper>